,words,freq
0,aback,23135851162
1,abase,13151942776
2,abate,12997637966
3,abbey,12136980858
4,abbot,9081174698
5,abhor,8469404971
6,abide,5933321709
7,abled,4705743816
8,abode,3750423199
9,abort,3400031103
10,about,3350048871
11,above,3228469771
12,abuse,3183110675
13,abyss,3086225277
14,acorn,2996181025
15,acrid,2813163874
16,actor,2633487141
17,acute,2590739907
18,adage,2398724162
19,adapt,2393614870
20,adept,2275595356
21,admin,2272272772
22,admit,2247431740
23,adobe,2062066547
24,adopt,2022459848
25,adore,1564202750
26,adorn,1551258643
27,adult,1544771673
28,affix,1518266684
29,afire,1483428678
30,afoot,1390661912
31,afoul,1356293641
32,after,1276852170
33,again,1242323499
34,agape,1229112622
35,agate,1226734006
36,agent,1134987907
37,agile,1082121730
38,aging,1059793441
39,aglow,1046319984
40,agony,1024093118
41,agora,1014107316
42,agree,999899654
43,ahead,998757982
44,aider,993536631
45,aisle,978481319
46,alarm,950751722
47,album,937112320
48,alert,932594387
49,algae,908705570
50,alibi,883223816
51,alien,844310242
52,align,842847219
53,alike,829969374
54,alive,827822032
55,allay,812395582
56,alley,810514085
57,allot,782849411
58,allow,755424983
59,alloy,741601852
60,aloft,719980257
61,alone,710741293
62,along,701170205
63,aloof,681410380
64,aloud,661844114
65,alpha,661809559
66,altar,660177731
67,alter,650621178
68,amass,645824184
69,amaze,639711198
70,amber,637134177
71,amble,630927278
72,amend,619571575
73,amiss,616829742
74,amity,611387736
75,among,611054034
76,ample,605984508
77,amply,604577485
78,amuse,602279334
79,angel,601317059
80,anger,596623239
81,angle,593086170
82,angry,578161543
83,angst,576436203
84,anime,575019382
85,ankle,572644147
86,annex,571848080
87,annoy,570699558
88,annul,566617666
89,anode,565123981
90,antic,562206804
91,anvil,548829454
92,aorta,541003982
93,apart,536746424
94,aphid,525627757
95,aping,520585287
96,apnea,519537222
97,apple,508609523
98,apply,502609275
99,apron,502043038
100,aptly,501651226
101,arbor,488967374
102,ardor,488024109
103,arena,484213771
104,argue,480303376
105,arise,480232730
106,armor,472590641
107,aroma,464532702
108,arose,462836169
109,array,459222855
110,arrow,453104133
111,arson,451092583
112,artsy,446236148
113,ascot,445315294
114,ashen,443949646
115,aside,441398439
116,askew,440416431
117,assay,437961375
118,asset,431934249
119,atoll,430847564
120,atone,425903347
121,attic,421438139
122,audio,421086358
123,audit,419765694
124,augur,419483948
125,aunty,417601616
126,avail,416210411
127,avert,414377632
128,avian,414028837
129,avoid,410780176
130,await,406908328
131,awake,405084642
132,award,403000411
133,aware,402028056
134,awash,399116355
135,awful,396975018
136,awoke,392956436
137,axial,391961061
138,axiom,390564835
139,axion,388448018
140,azure,387231739
141,bacon,384401868
142,badge,383787805
143,badly,380725892
144,bagel,380046348
145,baggy,379644437
146,baker,373906735
147,baler,373512569
148,balmy,373081242
149,banal,372948094
150,banjo,371852748
151,barge,370517038
152,baron,369928941
153,basal,366436194
154,basic,365796396
155,basil,365410017
156,basin,362082755
157,basis,361493758
158,baste,360468339
159,batch,352363058
160,bathe,352051342
161,baton,349286123
162,batty,347710184
163,bawdy,345413157
164,bayou,343057316
165,beach,342373303
166,beady,341583838
167,beard,340892856
168,beast,339926541
169,beech,339171382
170,beefy,339067778
171,befit,337841309
172,began,336631187
173,begat,334923368
174,beget,333272427
175,begin,330959949
176,begun,330505325
177,being,324272258
178,belch,323534251
179,belie,322331766
180,belle,321842984
181,belly,320105999
182,below,319376932
183,bench,318966441
184,beret,316446229
185,berry,315595259
186,berth,314593284
187,beset,314018806
188,betel,313469591
189,bevel,313296421
190,bezel,311757793
191,bible,311538382
192,bicep,311373936
193,biddy,310345867
194,bigot,310337185
195,bilge,309929179
196,billy,309676581
197,binge,307684103
198,bingo,306686983
199,biome,306559205
200,birch,306100813
201,birth,305930896
202,bison,305515604
203,bitty,305147791
204,black,304201237
205,blade,303249898
206,blame,302729303
207,bland,302311431
208,blank,301487430
209,blare,299280163
210,blast,297974790
211,blaze,297674493
212,bleak,297285731
213,bleat,296534935
214,bleed,295639201
215,bleep,294319118
216,blend,293178760
217,bless,292774716
218,blimp,291308910
219,blind,287719294
220,blink,287558448
221,bliss,287353021
222,blitz,286291411
223,bloat,286237372
224,block,284035693
225,bloke,283858893
226,blond,280827841
227,blood,280009597
228,bloom,277705910
229,blown,277546019
230,bluer,275510917
231,bluff,275369513
232,blunt,274103587
233,blurb,273620358
234,blurt,272336859
235,blush,271323986
236,board,270742935
237,boast,270014141
238,bobby,269448880
239,boney,268180843
240,bongo,266789622
241,bonus,266738068
242,booby,266376620
243,boost,264720374
244,booth,264448339
245,booty,264349801
246,booze,263851272
247,boozy,263777245
248,borax,261872866
249,borne,261839117
250,bosom,261390908
251,bossy,260937015
252,botch,259871557
253,bough,258690345
254,boule,256643812
255,bound,256530337
256,bowel,256521328
257,boxer,256443074
258,brace,256217838
259,braid,255436698
260,brain,254478181
261,brake,254164055
262,brand,252900442
263,brash,252519588
264,brass,252405204
265,brave,252231566
266,bravo,250245121
267,brawl,247541986
268,brawn,246429812
269,bread,245697701
270,break,244690155
271,breed,244491090
272,briar,244311841
273,bribe,243435728
274,brick,242876222
275,bride,242826246
276,brief,242783091
277,brine,242520455
278,bring,242326300
279,brink,242290578
280,briny,241864251
281,brisk,240402653
282,broad,239670331
283,broil,239271204
284,broke,238674296
285,brood,238581133
286,brook,235563000
287,broom,235262594
288,broth,234822585
289,brown,234001114
290,brunt,232749142
291,brush,232445953
292,brute,232251956
293,buddy,232011723
294,budge,232005894
295,buggy,231864260
296,bugle,231310420
297,build,231127472
298,built,230014019
299,bulge,228648541
300,bulky,227771642
301,bully,227567373
302,bunch,227534978
303,bunny,227125249
304,burly,227111505
305,burnt,226656153
306,burst,226596368
307,bused,226194991
308,bushy,225326739
309,butch,225218991
310,butte,224915894
311,buxom,224177047
312,buyer,223555915
313,bylaw,223417394
314,cabal,222649459
315,cabby,220970235
316,cabin,220812328
317,cable,220709925
318,cacao,220626128
319,cache,220523502
320,cacti,219516023
321,caddy,219190105
322,cadet,218945655
323,cagey,217986984
324,cairn,217856550
325,camel,217809513
326,cameo,217268632
327,canal,216987137
328,candy,216822128
329,canny,216690546
330,canoe,216432510
331,canon,216122487
332,caper,215560453
333,caput,215178488
334,carat,215000515
335,cargo,214997918
336,carol,214844153
337,carry,214702696
338,carve,214671907
339,caste,214302926
340,catch,214195457
341,cater,213378807
342,catty,212793848
343,caulk,212478717
344,cause,212361059
345,cavil,211243333
346,cease,210601244
347,cedar,209863729
348,cello,208780080
349,chafe,208371878
350,chaff,207858692
351,chain,207634179
352,chair,206582673
353,chalk,206538107
354,champ,206364495
355,chant,206211773
356,chaos,205629763
357,chard,204801202
358,charm,204486977
359,chart,204104275
360,chase,203611349
361,chasm,202950880
362,cheap,202755734
363,cheat,202563642
364,check,202346767
365,cheek,201854745
366,cheer,201692678
367,chess,201395192
368,chest,201235454
369,chick,201063526
370,chide,199694226
371,chief,199642644
372,child,199616754
373,chili,199608869
374,chill,198242904
375,chime,197874283
376,china,197293325
377,chirp,196676017
378,chock,196301245
379,choir,196109547
380,choke,195647953
381,chord,195011703
382,chore,193271293
383,chose,192535750
384,chuck,192000672
385,chump,191963867
386,chunk,191783393
387,churn,191087771
388,chute,190859046
389,cider,190433487
390,cigar,190205072
391,cinch,189509533
392,circa,189325890
393,civic,188985252
394,civil,188880495
395,clack,188691168
396,claim,187885878
397,clamp,187142519
398,clang,187062316
399,clank,186091095
400,clash,185555874
401,clasp,184815478
402,class,184777992
403,clean,184406888
404,clear,183237239
405,cleat,183202885
406,cleft,182739567
407,clerk,182579275
408,click,182545426
409,cliff,182061247
410,climb,181969355
411,cling,181556155
412,clink,181445531
413,cloak,181387042
414,clock,181075605
415,clone,181040994
416,close,180739802
417,cloth,180144029
418,cloud,179963886
419,clout,179813446
420,clove,179794224
421,clown,179652730
422,cluck,179615587
423,clued,179428286
424,clump,179224570
425,clung,178810033
426,coach,178250872
427,coast,177976652
428,cobra,177706929
429,cocoa,177153952
430,colon,176829177
431,color,176301486
432,comet,176299905
433,comfy,176295589
434,comic,176129154
435,comma,176093255
436,conch,175916536
437,condo,175527859
438,conic,174297802
439,copse,174232809
440,coral,174058407
441,corer,173839008
442,corny,173422161
443,couch,173346868
444,cough,173244220
445,could,173043002
446,count,172371546
447,coupe,171752631
448,court,171687825
449,coven,169256248
450,cover,169231297
451,covet,168957006
452,covey,168673045
453,cower,168532149
454,coyly,167827453
455,crack,167587791
456,craft,167518537
457,cramp,167202060
458,crane,166811948
459,crank,166657334
460,crash,166005029
461,crass,165863763
462,crate,165671626
463,crave,165341452
464,crawl,164834442
465,craze,163957176
466,crazy,163951797
467,creak,163363054
468,cream,163308383
469,credo,162390150
470,creed,162076395
471,creek,162033390
472,creep,162023431
473,creme,161913408
474,crepe,161518557
475,crept,161205740
476,cress,160961088
477,crest,160850401
478,crick,160812623
479,cried,160746244
480,crier,160573748
481,crime,159785849
482,crimp,159603914
483,crisp,159595214
484,croak,159478972
485,crock,159343399
486,crone,159287179
487,crony,158982297
488,crook,158887256
489,cross,158421100
490,croup,158410645
491,crowd,158281269
492,crown,157960401
493,crude,157182255
494,cruel,157079378
495,crumb,156845267
496,crump,156703712
497,crush,156667525
498,crust,155733641
499,crypt,155284081
500,cubic,155254497
501,cumin,154999587
502,curio,154527125
503,curly,154326119
504,curry,154301106
505,curse,153788544
506,curve,153460135
507,curvy,152978354
508,cutie,152776595
509,cyber,152155277
510,cycle,151553180
511,cynic,151531225
512,daddy,151350397
513,daily,151008079
514,dairy,150781416
515,daisy,150748333
516,dally,150610176
517,dance,150106274
518,dandy,149976767
519,datum,149556758
520,daunt,149320234
521,dealt,149312237
522,death,149130754
523,debar,149001702
524,debit,148628729
525,debug,148330257
526,debut,147969893
527,decal,147675944
528,decay,147259825
529,decor,147177212
530,decoy,146906651
531,decry,146749448
532,defer,145701629
533,deign,145490029
534,deity,145430147
535,delay,145057782
536,delta,145041426
537,delve,144707500
538,demon,144646164
539,demur,144298238
540,denim,144200144
541,dense,143590165
542,depot,143062438
543,depth,142498232
544,derby,142087909
545,deter,142048771
546,detox,141894620
547,deuce,141765729
548,devil,141548802
549,diary,141210433
550,dicey,141155373
551,digit,141076205
552,dilly,141012024
553,dimly,140799532
554,diner,140688602
555,dingo,140479833
556,dingy,139710600
557,diode,139566375
558,dirge,139563801
559,dirty,139459917
560,disco,139242226
561,ditch,138517992
562,ditto,138433809
563,ditty,137696613
564,diver,137679195
565,dizzy,137134662
566,dodge,137089538
567,dodgy,137071122
568,dogma,136862835
569,doing,136560842
570,dolly,136341684
571,donor,136214727
572,donut,136103455
573,dopey,135289140
574,doubt,135132664
575,dough,135037085
576,dowdy,134939426
577,dowel,134754203
578,downy,133102742
579,dowry,132725767
580,dozen,132685190
581,draft,132428495
582,drain,132369252
583,drake,132325396
584,drama,132187702
585,drank,132141721
586,drape,132095202
587,drawl,131952173
588,drawn,131836210
589,dread,131800620
590,dream,131417909
591,dress,130644510
592,dried,130570251
593,drier,130531484
594,drift,130326009
595,drill,130054708
596,drink,129399241
597,drive,129301730
598,droit,129198530
599,droll,129167110
600,drone,129054826
601,drool,128994593
602,droop,128740445
603,dross,128427156
604,drove,128314924
605,drown,128251365
606,druid,127768853
607,drunk,127719981
608,dryer,127704851
609,dryly,127634767
610,duchy,127425045
611,dully,127014703
612,dummy,126699632
613,dumpy,126645151
614,dunce,126517399
615,dusky,126461152
616,dusty,126228968
617,dutch,126160941
618,duvet,125814267
619,dwarf,125787543
620,dwell,125548527
621,dwelt,125542966
622,dying,125524478
623,eager,125515260
624,eagle,125340846
625,early,124949540
626,earth,124620318
627,easel,124500817
628,eaten,124472054
629,eater,124198695
630,ebony,124116581
631,eclat,123595776
632,edict,123311561
633,edify,123196001
634,eerie,123162607
635,egret,123160529
636,eight,123027963
637,eject,122592252
638,eking,122498186
639,elate,121986327
640,elbow,121844371
641,elder,121505269
642,elect,121345834
643,elegy,121296661
644,elfin,121218500
645,elide,121094522
646,elite,121087620
647,elope,121079315
648,elude,120978063
649,email,120814306
650,embed,120548796
651,ember,120495036
652,emcee,120272948
653,empty,119974321
654,enact,119747393
655,endow,119602514
656,enema,119394206
657,enemy,119376975
658,enjoy,119294962
659,ennui,119294241
660,ensue,119150817
661,enter,119014988
662,entry,118978625
663,envoy,118818608
664,epoch,118410414
665,epoxy,118127636
666,equal,118106080
667,equip,117951402
668,erase,117696064
669,erect,117672845
670,erode,117451031
671,error,117213565
672,erupt,117119498
673,essay,116883588
674,ester,116495721
675,ether,116282824
676,ethic,116097842
677,ethos,115504667
678,etude,115205090
679,evade,115168234
680,event,114532201
681,every,114515959
682,evict,114452742
683,evoke,114384208
684,exact,114025350
685,exalt,113841948
686,excel,113788074
687,exert,113756376
688,exile,113691786
689,exist,113624357
690,expel,113453183
691,extol,113316224
692,extra,113285624
693,exult,113090086
694,eying,113067567
695,fable,112965658
696,facet,112902176
697,faint,112893718
698,fairy,112837472
699,faith,112466751
700,false,112385243
701,fancy,112197265
702,fanny,111973466
703,farce,111971865
704,fatal,111882023
705,fatty,111397714
706,fault,111394818
707,fauna,111356320
708,favor,111279626
709,feast,111229798
710,fecal,111199035
711,feign,111192257
712,fella,111170350
713,felon,111064464
714,femme,110732827
715,femur,110528740
716,fence,110323671
717,feral,110086585
718,ferry,110051463
719,fetal,109717836
720,fetch,109697600
721,fetid,109596213
722,fetus,109553730
723,fever,109528141
724,fewer,109504766
725,fiber,109416386
726,fibre,109389038
727,ficus,109360096
728,field,109213691
729,fiend,109067044
730,fiery,108389630
731,fifth,108324565
732,fifty,108287905
733,fight,108024858
734,filer,107853068
735,filet,107839275
736,filly,107799371
737,filmy,107785779
738,filth,107589584
739,final,107497778
740,finch,107483376
741,finer,107215961
742,first,107145206
743,fishy,107121885
744,fixer,106978150
745,fizzy,106755242
746,fjord,106466033
747,flack,106405208
748,flail,106400213
749,flair,106342539
750,flake,106154969
751,flaky,106119933
752,flame,106103720
753,flank,105946662
754,flare,105891641
755,flash,105837757
756,flask,105642682
757,fleck,105625616
758,fleet,105101771
759,flesh,105014961
760,flick,104908310
761,flier,104251062
762,fling,104230315
763,flint,104165769
764,flirt,103921220
765,float,103906182
766,flock,103878661
767,flood,103731642
768,floor,103697915
769,flora,103521037
770,floss,103331913
771,flour,103203080
772,flout,103132933
773,flown,102837602
774,fluff,102812628
775,fluid,102792861
776,fluke,102711715
777,flume,102698139
778,flung,102580860
779,flunk,102552342
780,flush,102316998
781,flute,102234743
782,flyer,102234090
783,foamy,102159580
784,focal,101987691
785,focus,101959294
786,foggy,101771329
787,foist,101338951
788,folio,101325723
789,folly,101303808
790,foray,101090970
791,force,101024266
792,forge,100907064
793,forgo,100886343
794,forte,100868970
795,forth,100765188
796,forty,100637505
797,forum,100502612
798,found,100264634
799,foyer,100237452
800,frail,100013194
801,frame,100012522
802,frank,100010833
803,fraud,99964083
804,freak,99420744
805,freed,99324182
806,freer,99143011
807,fresh,98839705
808,friar,98703772
809,fried,98671341
810,frill,98581698
811,frisk,98528318
812,fritz,98494166
813,frock,98081439
814,frond,98056850
815,front,97850837
816,frost,97837595
817,froth,97747750
818,frown,97658641
819,froze,97649084
820,fruit,97583096
821,fudge,97561755
822,fugue,97451660
823,fully,97258243
824,fungi,97233632
825,funky,97167128
826,funny,97049762
827,furor,96733793
828,furry,96602880
829,fussy,96554164
830,fuzzy,96269550
831,gaffe,96242209
832,gaily,96020036
833,gamer,95606752
834,gamma,95489240
835,gamut,95488543
836,gassy,95412416
837,gaudy,95373445
838,gauge,95289449
839,gaunt,95132338
840,gauze,95096787
841,gavel,94815082
842,gawky,94800899
843,gayer,94730251
844,gayly,94700371
845,gazer,94501729
846,gecko,94477370
847,geeky,94159529
848,geese,94113765
849,genie,94069113
850,genre,94036312
851,ghost,93941472
852,ghoul,93878887
853,giant,93807963
854,giddy,93714361
855,gipsy,93483319
856,girly,93450595
857,girth,93401669
858,given,93275872
859,giver,93061804
860,glade,93044306
861,gland,92803600
862,glare,92709785
863,glass,92603476
864,glaze,92579731
865,gleam,92551460
866,glean,92456246
867,glide,92431559
868,glint,92151641
869,gloat,92039679
870,globe,92006970
871,gloom,92002729
872,glory,91924001
873,gloss,91905891
874,glove,91559349
875,glyph,91486135
876,gnash,91398411
877,gnome,91388083
878,godly,91189968
879,going,91156139
880,golem,90910143
881,golly,90854231
882,gonad,90810423
883,goner,90612739
884,goody,90554932
885,gooey,90535679
886,goofy,90506560
887,goose,90478880
888,gorge,90249265
889,gouge,90210309
890,gourd,90037485
891,grace,90010174
892,grade,90001988
893,graft,89828494
894,grail,89826560
895,grain,89780234
896,grand,89749339
897,grant,89744012
898,grape,89396475
899,graph,89324930
900,grasp,89154690
901,grass,89139125
902,grate,89075990
903,grave,88770071
904,gravy,88712797
905,graze,88506935
906,great,88447610
907,greed,88332962
908,green,88328938
909,greet,88097391
910,grief,87897688
911,grill,87882874
912,grime,87829598
913,grimy,87824220
914,grind,87791839
915,gripe,87785549
916,groan,87661475
917,groin,87572240
918,groom,87441704
919,grope,87391857
920,gross,87139187
921,group,87019836
922,grout,86985936
923,grove,86808185
924,growl,86573186
925,grown,86527408
926,gruel,86395556
927,gruff,86290420
928,grunt,86255673
929,guard,86147277
930,guava,85964618
931,guess,85775901
932,guest,85617922
933,guide,85584600
934,guild,85523201
935,guile,85333514
936,guilt,85326896
937,guise,85262640
938,gulch,85245033
939,gully,85241485
940,gumbo,85202530
941,gummy,85043687
942,guppy,84923632
943,gusto,84857974
944,gusty,84840226
945,gypsy,84808711
946,habit,84804638
947,hairy,84697675
948,halve,84568679
949,handy,84556943
950,happy,84399520
951,hardy,84333183
952,harem,84317690
953,harpy,84084764
954,harry,84065293
955,harsh,84037810
956,haste,84002445
957,hasty,83949754
958,hatch,83901920
959,hater,83845349
960,haunt,83671730
961,haute,83625620
962,haven,83592616
963,havoc,83559486
964,hazel,83444756
965,heady,83431590
966,heard,83216831
967,heart,83166717
968,heath,83135749
969,heave,83094022
970,heavy,83082522
971,hedge,83015916
972,hefty,82807978
973,heist,82807581
974,helix,82646962
975,hello,82515596
976,hence,82399410
977,heron,82342853
978,hilly,82222044
979,hinge,82179578
980,hippo,82178167
981,hippy,82113875
982,hitch,82024459
983,hoard,82021775
984,hobby,81983061
985,hoist,81965610
986,holly,81913366
987,homer,81894680
988,honey,81652767
989,honor,81596309
990,horde,81561217
991,horny,81444510
992,horse,81396759
993,hotel,81320471
994,hotly,81258789
995,hound,81110725
996,house,80821946
997,hovel,80821333
998,hover,80755612
999,howdy,80717798
1000,human,80694073
1001,humid,80659036
1002,humor,80605361
1003,humph,80583907
1004,humus,80566883
1005,hunch,80526622
1006,hunky,80328029
1007,hurry,80312172
1008,husky,79998480
1009,hussy,79958318
1010,hutch,79915539
1011,hydro,79791224
1012,hyena,79697206
1013,hymen,79665774
1014,hyper,79633609
1015,icily,79615682
1016,icing,79579407
1017,ideal,79424420
1018,idiom,79323162
1019,idiot,79255339
1020,idler,79240506
1021,idyll,79199815
1022,igloo,79172952
1023,iliac,79105156
1024,image,78992643
1025,imbue,78967124
1026,impel,78843808
1027,imply,78817488
1028,inane,78774169
1029,inbox,78421168
1030,incur,78365831
1031,index,78365291
1032,inept,78292986
1033,inert,78078059
1034,infer,78051775
1035,ingot,77914316
1036,inlay,77752808
1037,inlet,77749471
1038,inner,77574804
1039,input,77515342
1040,inter,77515175
1041,intro,77375075
1042,ionic,77353032
1043,irate,77333335
1044,irony,77295630
1045,islet,77287578
1046,issue,77271631
1047,itchy,77203075
1048,ivory,77183863
1049,jaunt,77079447
1050,jazzy,77070740
1051,jelly,77038135
1052,jerky,76855129
1053,jetty,76806341
1054,jewel,76707502
1055,jiffy,76659163
1056,joint,76597151
1057,joist,76580951
1058,joker,76528079
1059,jolly,76445684
1060,joust,76341478
1061,judge,76212141
1062,juice,76100888
1063,juicy,75993177
1064,jumbo,75985266
1065,jumpy,75976795
1066,junta,75963033
1067,junto,75960822
1068,juror,75918053
1069,kappa,75604082
1070,karma,75594829
1071,kayak,75532722
1072,kebab,75480922
1073,khaki,75393868
1074,kinky,75287070
1075,kiosk,75196717
1076,kitty,74796251
1077,knack,74773048
1078,knave,74748656
1079,knead,74702459
1080,kneed,74359141
1081,kneel,74283471
1082,knelt,74230978
1083,knife,74170036
1084,knock,74160962
1085,knoll,74145758
1086,known,74073467
1087,koala,74073375
1088,krill,74043644
1089,label,74026748
1090,labor,74000589
1091,laden,73877124
1092,ladle,73689002
1093,lager,73664932
1094,lance,73571749
1095,lanky,73434482
1096,lapel,73286694
1097,lapse,73220509
1098,large,73183983
1099,larva,73108213
1100,lasso,73064522
1101,latch,73010727
1102,later,72879426
1103,lathe,72606927
1104,latte,72604405
1105,laugh,72603888
1106,layer,72576719
1107,leach,72553085
1108,leafy,72528782
1109,leaky,72455943
1110,leant,72427611
1111,leapt,72285198
1112,learn,72056920
1113,lease,71972425
1114,leash,71918906
1115,least,71829013
1116,leave,71814690
1117,ledge,71765763
1118,leech,71518871
1119,leery,71383598
1120,lefty,71366336
1121,legal,71289039
1122,leggy,71269325
1123,lemon,71268723
1124,lemur,71248807
1125,leper,71229404
1126,level,71013577
1127,lever,71006471
1128,libel,70957750
1129,liege,70912501
1130,light,70859771
1131,liken,70832130
1132,lilac,70639535
1133,limbo,70639358
1134,limit,70613606
1135,linen,70595127
1136,liner,70551270
1137,lingo,70427114
1138,lipid,70420316
1139,lithe,70277573
1140,liver,70164946
1141,livid,70113140
1142,llama,70082598
1143,loamy,70033623
1144,loath,69997427
1145,lobby,69946284
1146,local,69921273
1147,locus,69889118
1148,lodge,69843013
1149,lofty,69819261
1150,logic,69734771
1151,login,69671201
1152,loopy,69665958
1153,loose,69529976
1154,lorry,69469598
1155,loser,69444655
1156,louse,69395609
1157,lousy,69315004
1158,lover,69194446
1159,lower,69189527
1160,lowly,69066566
1161,loyal,69062618
1162,lucid,68991999
1163,lucky,68982994
1164,lumen,68957421
1165,lumpy,68891129
1166,lunar,68854520
1167,lunch,68755779
1168,lunge,68687814
1169,lupus,68648778
1170,lurch,68620426
1171,lurid,68606429
1172,lusty,68569061
1173,lying,68391647
1174,lymph,68359455
1175,lynch,68325439
1176,lyric,68261971
1177,macaw,68222335
1178,macho,68130142
1179,macro,68080206
1180,madam,68025615
1181,madly,67934088
1182,mafia,67751544
1183,magic,67731716
1184,magma,67665809
1185,maize,67566273
1186,major,67473261
1187,maker,67443436
1188,mambo,67421654
1189,mamma,67415846
1190,mammy,67398005
1191,manga,67360843
1192,mange,67352673
1193,mango,67339854
1194,mangy,67315364
1195,mania,67311992
1196,manic,67309657
1197,manly,67213031
1198,manor,67191517
1199,maple,67128807
1200,march,67102388
1201,marry,67052567
1202,marsh,67029686
1203,mason,66895933
1204,masse,66811153
1205,match,66809477
1206,matey,66796198
1207,mauve,66753480
1208,maxim,66703287
1209,maybe,66638842
1210,mayor,66632805
1211,mealy,66594716
1212,meant,66581052
1213,meaty,66395121
1214,mecca,66297175
1215,medal,66249627
1216,media,66171358
1217,medic,66078353
1218,melee,66074142
1219,melon,66014490
1220,mercy,66007529
1221,merge,65921648
1222,merit,65904680
1223,merry,65835469
1224,metal,65832126
1225,meter,65803333
1226,metro,65747979
1227,micro,65682137
1228,midge,65635495
1229,midst,65626732
1230,might,65574606
1231,milky,65501110
1232,mimic,65473127
1233,mince,65459222
1234,miner,65453403
1235,minim,65407567
1236,minor,65319659
1237,minty,65312988
1238,minus,65305536
1239,mirth,65264239
1240,miser,65218530
1241,missy,65173823
1242,mocha,65139325
1243,modal,65078084
1244,model,65077140
1245,modem,65066679
1246,mogul,65009731
1247,moist,64824987
1248,molar,64814116
1249,moldy,64753514
1250,money,64649558
1251,month,64600528
1252,moody,64596001
1253,moose,64542291
1254,moral,64504515
1255,moron,64437323
1256,morph,64378554
1257,mossy,64314952
1258,motel,64288914
1259,motif,64262881
1260,motor,64256803
1261,motto,64198152
1262,moult,64197954
1263,mound,64169624
1264,mount,64162886
1265,mourn,64158347
1266,mouse,64153502
1267,mouth,64112042
1268,mover,64090052
1269,movie,64046921
1270,mower,64008398
1271,mucky,63947745
1272,mucus,63831932
1273,muddy,63828244
1274,mulch,63777575
1275,mummy,63776951
1276,munch,63754684
1277,mural,63561604
1278,murky,63559754
1279,mushy,63471922
1280,music,63387982
1281,musky,63357901
1282,musty,63301836
1283,myrrh,63250401
1284,nadir,63234550
1285,naive,63168116
1286,nanny,63116899
1287,nasal,62994830
1288,nasty,62949059
1289,natal,62896274
1290,naval,62683851
1291,navel,62667516
1292,needy,62663785
1293,neigh,62566660
1294,nerdy,62557801
1295,nerve,62544255
1296,never,62452044
1297,newer,62377151
1298,newly,62308697
1299,nicer,62287766
1300,niche,62202958
1301,niece,62143782
1302,night,62082477
1303,ninja,62060498
1304,ninny,62012991
1305,ninth,62012277
1306,noble,61892291
1307,nobly,61873074
1308,noise,61836702
1309,noisy,61830613
1310,nomad,61781016
1311,noose,61719969
1312,north,61717435
1313,nosey,61704297
1314,notch,61694845
1315,novel,61635402
1316,nudge,61626696
1317,nurse,61622542
1318,nutty,61539280
1319,nylon,61532852
1320,nymph,61502894
1321,oaken,61502285
1322,obese,61348302
1323,occur,61337417
1324,ocean,61319870
1325,octal,61305614
1326,octet,61302455
1327,odder,61290306
1328,oddly,61265768
1329,offal,61265757
1330,offer,61227238
1331,often,61073308
1332,olden,61059905
1333,older,61036269
1334,olive,61035236
1335,ombre,61017528
1336,omega,61011470
1337,onion,61004175
1338,onset,60975784
1339,opera,60969207
1340,opine,60827708
1341,opium,60817800
1342,optic,60758332
1343,orbit,60747209
1344,order,60720801
1345,organ,60679179
1346,other,60666200
1347,otter,60649546
1348,ought,60589803
1349,ounce,60580709
1350,outdo,60540973
1351,outer,60436467
1352,outgo,60316327
1353,ovary,60294928
1354,ovate,60280461
1355,overt,60179071
1356,ovine,60054650
1357,ovoid,60033252
1358,owing,59963349
1359,owner,59957722
1360,oxide,59901425
1361,ozone,59870370
1362,paddy,59809444
1363,pagan,59804374
1364,paint,59797675
1365,paler,59776241
1366,palsy,59652161
1367,panel,59651113
1368,panic,59622952
1369,pansy,59541743
1370,papal,59513100
1371,paper,59507606
1372,parer,59447388
1373,parka,59430375
1374,parry,59425745
1375,parse,59408103
1376,party,59377718
1377,pasta,59377307
1378,paste,59336380
1379,pasty,59307904
1380,patch,59206591
1381,patio,59137995
1382,patsy,59106421
1383,patty,59102029
1384,pause,59094266
1385,payee,58986603
1386,payer,58933430
1387,peace,58908038
1388,peach,58855769
1389,pearl,58803077
1390,pecan,58777731
1391,pedal,58668257
1392,penal,58664244
1393,pence,58657636
1394,penne,58656286
1395,penny,58579604
1396,perch,58503804
1397,peril,58498692
1398,perky,58491725
1399,pesky,58470987
1400,pesto,58453720
1401,petal,58387028
1402,petty,58382492
1403,phase,58374976
1404,phone,58352743
1405,phony,58338630
1406,photo,58249254
1407,piano,58222418
1408,picky,58189056
1409,piece,58185466
1410,piety,58178554
1411,piggy,58144584
1412,pilot,58144287
1413,pinch,58125159
1414,piney,58114465
1415,pinky,58112143
1416,pinto,58094311
1417,piper,57957650
1418,pique,57912422
1419,pitch,57875961
1420,pithy,57790060
1421,pivot,57784233
1422,pixel,57697189
1423,pixie,57610397
1424,pizza,57608074
1425,place,57567413
1426,plaid,57491372
1427,plain,57481472
1428,plait,57462639
1429,plane,57432704
1430,plank,57403313
1431,plant,57378298
1432,plate,57248600
1433,plaza,57241749
1434,plead,57241247
1435,pleat,57212448
1436,plied,57202778
1437,plier,57191675
1438,pluck,57170155
1439,plumb,57146840
1440,plume,57103658
1441,plump,57094711
1442,plunk,57076312
1443,plush,57030009
1444,poesy,56934903
1445,point,56804611
1446,poise,56756180
1447,poker,56677377
1448,polar,56638839
1449,polka,56599468
1450,polyp,56564005
1451,pooch,56547673
1452,poppy,56542418
1453,porch,56512308
1454,poser,56499843
1455,posit,56492789
1456,posse,56471180
1457,pouch,56442762
1458,pound,56421594
1459,pouty,56414984
1460,power,56365355
1461,prank,56284017
1462,prawn,56282937
1463,preen,56253287
1464,press,56201501
1465,price,56181783
1466,prick,56132270
1467,pride,56095954
1468,pried,56063953
1469,prime,56057597
1470,primo,56038634
1471,print,56034110
1472,prior,55979169
1473,prism,55972678
1474,privy,55951880
1475,prize,55842334
1476,probe,55819696
1477,prone,55721876
1478,prong,55692230
1479,proof,55673859
1480,prose,55669441
1481,proud,55611036
1482,prove,55523958
1483,prowl,55504730
1484,proxy,55502123
1485,prude,55486868
1486,prune,55448425
1487,psalm,55429399
1488,pubic,55360149
1489,pudgy,55293215
1490,puffy,55276661
1491,pulpy,55199085
1492,pulse,55189682
1493,punch,55180611
1494,pupal,55157142
1495,pupil,55147325
1496,puppy,55145932
1497,puree,55143498
1498,purer,55131463
1499,purge,55083965
1500,purse,55051644
1501,pushy,54965019
1502,putty,54964736
1503,pygmy,54946412
1504,quack,54929645
1505,quail,54886061
1506,quake,54831021
1507,qualm,54810628
1508,quark,54789622
1509,quart,54781266
1510,quash,54646045
1511,quasi,54576595
1512,queen,54513834
1513,queer,54418499
1514,quell,54379896
1515,query,54346724
1516,quest,54342432
1517,queue,54275130
1518,quick,54274405
1519,quiet,54257643
1520,quill,54170529
1521,quilt,54146984
1522,quirk,54140138
1523,quite,54106694
1524,quota,54096391
1525,quote,54079229
1526,quoth,54063969
1527,rabbi,54062139
1528,rabid,54000221
1529,racer,53876176
1530,radar,53824933
1531,radii,53784382
1532,radio,53759851
1533,rainy,53710784
1534,raise,53534781
1535,rajah,53532481
1536,rally,53512775
1537,ralph,53511683
1538,ramen,53495303
1539,ranch,53491312
1540,randy,53464587
1541,range,53462150
1542,rapid,53447410
1543,rarer,53444032
1544,raspy,53406486
1545,ratio,53352976
1546,ratty,53312008
1547,raven,53253798
1548,rayon,53247607
1549,razor,53189294
1550,reach,53171478
1551,react,53122840
1552,ready,53083729
1553,realm,53046994
1554,rearm,53025248
1555,rebar,53007762
1556,rebel,52979810
1557,rebus,52917604
1558,rebut,52891750
1559,recap,52877471
1560,recur,52815755
1561,recut,52799552
1562,reedy,52756224
1563,refer,52738089
1564,refit,52716319
1565,regal,52688696
1566,rehab,52681344
1567,reign,52629633
1568,relax,52557860
1569,relay,52556205
1570,relic,52546300
1571,remit,52518330
1572,renal,52515245
1573,renew,52507183
1574,repay,52496488
1575,repel,52452012
1576,reply,52436419
1577,rerun,52423381
1578,reset,52396856
1579,resin,52320953
1580,retch,52297214
1581,retro,52215969
1582,retry,52214134
1583,reuse,52199865
1584,revel,52183597
1585,revue,52028227
1586,rhino,52008297
1587,rhyme,52006621
1588,rider,52004289
1589,ridge,51895609
1590,rifle,51816428
1591,right,51788932
1592,rigid,51765877
1593,rigor,51697361
1594,rinse,51696304
1595,ripen,51652407
1596,riper,51621090
1597,risen,51590807
1598,riser,51577196
1599,risky,51553238
1600,rival,51536707
1601,river,51531914
1602,rivet,51525815
1603,roach,51483174
1604,roast,51454053
1605,robin,51449559
1606,robot,51426255
1607,rocky,51407261
1608,rodeo,51387515
1609,roger,51387258
1610,rogue,51357793
1611,roomy,51349877
1612,roost,51331999
1613,rotor,51330557
1614,rouge,51304347
1615,rough,51282170
1616,round,51244541
1617,rouse,51242970
1618,route,51223290
1619,rover,51160616
1620,rowdy,51156220
1621,rower,51147967
1622,royal,51130555
1623,ruddy,51090757
1624,ruder,51076716
1625,rugby,51033173
1626,ruler,51024682
1627,rumba,51019438
1628,rumor,50973666
1629,rupee,50931988
1630,rural,50913495
1631,rusty,50887864
1632,sadly,50843671
1633,safer,50819909
1634,saint,50818165
1635,salad,50800782
1636,sally,50767076
1637,salon,50701997
1638,salsa,50683428
1639,salty,50669807
1640,salve,50630393
1641,salvo,50604732
1642,sandy,50551171
1643,saner,50474760
1644,sappy,50409715
1645,sassy,50405472
1646,satin,50389892
1647,satyr,50347350
1648,sauce,50276653
1649,saucy,50141455
1650,sauna,50036200
1651,saute,50022454
1652,savor,50022259
1653,savoy,50001652
1654,savvy,49969150
1655,scald,49918570
1656,scale,49844591
1657,scalp,49832283
1658,scaly,49747608
1659,scamp,49699093
1660,scant,49698346
1661,scare,49694725
1662,scarf,49574004
1663,scary,49551303
1664,scene,49547349
1665,scent,49513286
1666,scion,49510931
1667,scoff,49495349
1668,scold,49452604
1669,scone,49391366
1670,scoop,49272598
1671,scope,49215402
1672,score,49156828
1673,scorn,49148844
1674,scour,49087727
1675,scout,49020998
1676,scowl,48999091
1677,scram,48985772
1678,scrap,48858672
1679,scree,48850257
1680,screw,48836974
1681,scrub,48831449
1682,scrum,48812305
1683,scuba,48807490
1684,sedan,48746882
1685,seedy,48726947
1686,segue,48668931
1687,seize,48658750
1688,semen,48651550
1689,sense,48646296
1690,sepia,48616832
1691,serif,48580528
1692,serum,48562078
1693,serve,48544776
1694,setup,48492757
1695,seven,48490497
1696,sever,48483165
1697,sewer,48463463
1698,shack,48419913
1699,shade,48384167
1700,shady,48329678
1701,shaft,48325930
1702,shake,48284665
1703,shaky,48255033
1704,shale,48202721
1705,shall,48175593
1706,shalt,48137341
1707,shame,48075237
1708,shank,48073394
1709,shape,48063184
1710,shard,48053008
1711,share,48002944
1712,shark,47989278
1713,sharp,47975295
1714,shave,47959756
1715,shawl,47954144
1716,shear,47934860
1717,sheen,47911964
1718,sheep,47898290
1719,sheer,47856201
1720,sheet,47847595
1721,sheik,47827531
1722,shelf,47775300
1723,shell,47745287
1724,shied,47737474
1725,shift,47716394
1726,shine,47703520
1727,shiny,47674782
1728,shire,47661725
1729,shirk,47613452
1730,shirt,47612536
1731,shoal,47609624
1732,shock,47588521
1733,shone,47500911
1734,shook,47449450
1735,shoot,47426506
1736,shore,47402973
1737,shorn,47364531
1738,short,47344388
1739,shout,47315243
1740,shove,47278206
1741,shown,47251104
1742,showy,47211631
1743,shrew,47195123
1744,shrub,47176048
1745,shrug,47045446
1746,shuck,47041301
1747,shunt,46983244
1748,shush,46978262
1749,shyly,46946408
1750,siege,46929581
1751,sieve,46922000
1752,sight,46917563
1753,sigma,46914652
1754,silky,46907473
1755,silly,46901429
1756,since,46897368
1757,sinew,46865979
1758,singe,46857152
1759,siren,46839855
1760,sissy,46800115
1761,sixth,46748380
1762,sixty,46745446
1763,skate,46729648
1764,skier,46728329
1765,skiff,46688059
1766,skill,46684251
1767,skimp,46610382
1768,skirt,46607011
1769,skulk,46528775
1770,skull,46516265
1771,skunk,46482449
1772,slack,46437105
1773,slain,46367780
1774,slang,46347305
1775,slant,46346026
1776,slash,46307526
1777,slate,46292709
1778,slave,46236766
1779,sleek,46234721
1780,sleep,46208737
1781,sleet,46198876
1782,slept,46136062
1783,slice,46079991
1784,slick,46057216
1785,slide,46017042
1786,slime,46013973
1787,slimy,45983826
1788,sling,45918427
1789,slink,45905830
1790,sloop,45733685
1791,slope,45719822
1792,slosh,45699591
1793,sloth,45649146
1794,slump,45638167
1795,slung,45598411
1796,slunk,45575150
1797,slurp,45541515
1798,slush,45494334
1799,slyly,45480506
1800,smack,45454173
1801,small,45453557
1802,smart,45445524
1803,smash,45436523
1804,smear,45434902
1805,smell,45432300
1806,smelt,45410185
1807,smile,45407189
1808,smirk,45381752
1809,smite,45332755
1810,smith,45322858
1811,smock,45314848
1812,smoke,45314350
1813,smoky,45286019
1814,smote,45271886
1815,snack,45242119
1816,snail,45207269
1817,snake,45145293
1818,snaky,45133501
1819,snare,45080741
1820,snarl,45047619
1821,sneak,45032014
1822,sneer,45023597
1823,snide,44960208
1824,sniff,44953365
1825,snipe,44946800
1826,snoop,44936390
1827,snore,44905064
1828,snort,44858110
1829,snout,44854981
1830,snowy,44829675
1831,snuck,44810653
1832,snuff,44784650
1833,soapy,44784448
1834,sober,44754518
1835,soggy,44752502
1836,solar,44738913
1837,solid,44681366
1838,solve,44674077
1839,sonar,44670729
1840,sonic,44619724
1841,sooth,44569745
1842,sooty,44561701
1843,sorry,44556124
1844,sound,44546845
1845,south,44526131
1846,sower,44467948
1847,space,44466066
1848,spade,44429644
1849,spank,44375770
1850,spare,44361090
1851,spark,44298807
1852,spasm,44295187
1853,spawn,44244364
1854,speak,44224906
1855,spear,44222089
1856,speck,44214414
1857,speed,44201358
1858,spell,44180185
1859,spelt,44159268
1860,spend,44137441
1861,spent,44128080
1862,sperm,44127294
1863,spice,44118980
1864,spicy,44049643
1865,spied,44038489
1866,spiel,44026683
1867,spike,43997497
1868,spiky,43972925
1869,spill,43931892
1870,spilt,43927084
1871,spine,43897035
1872,spiny,43883676
1873,spire,43874498
1874,spite,43872888
1875,splat,43872031
1876,split,43848202
1877,spoil,43706094
1878,spoke,43667070
1879,spoof,43661633
1880,spook,43634263
1881,spool,43621558
1882,spoon,43578199
1883,spore,43506778
1884,sport,43461638
1885,spout,43425570
1886,spray,43399906
1887,spree,43310674
1888,sprig,43278784
1889,spunk,43258456
1890,spurn,43252527
1891,spurt,43208309
1892,squad,43171429
1893,squat,43128760
1894,squib,43110969
1895,stack,43074829
1896,staff,43041696
1897,stage,42979181
1898,staid,42974876
1899,stain,42969195
1900,stair,42951421
1901,stake,42880250
1902,stale,42871860
1903,stalk,42867375
1904,stall,42865965
1905,stamp,42857273
1906,stand,42809196
1907,stank,42801104
1908,stare,42770237
1909,stark,42769271
1910,start,42750046
1911,stash,42720398
1912,state,42714053
1913,stave,42707469
1914,stead,42647845
1915,steak,42645254
1916,steal,42631203
1917,steam,42578510
1918,steed,42560499
1919,steel,42552937
1920,steep,42501329
1921,steer,42494931
1922,stein,42494016
1923,stern,42459641
1924,stick,42455942
1925,stiff,42450144
1926,still,42436349
1927,stilt,42436311
1928,sting,42415451
1929,stink,42379243
1930,stint,42342802
1931,stock,42336117
1932,stoic,42335952
1933,stoke,42330284
1934,stole,42265916
1935,stomp,42259849
1936,stone,42223443
1937,stony,42182798
1938,stood,42163497
1939,stool,42160203
1940,stoop,42106512
1941,store,42086828
1942,stork,42076566
1943,storm,42062854
1944,story,42048929
1945,stout,42024703
1946,stove,42022443
1947,strap,41997245
1948,straw,41949287
1949,stray,41947093
1950,strip,41922237
1951,strut,41893537
1952,stuck,41869418
1953,study,41862937
1954,stuff,41835168
1955,stump,41825348
1956,stung,41812484
1957,stunk,41782645
1958,stunt,41730382
1959,style,41706145
1960,suave,41704519
1961,sugar,41677373
1962,suing,41651718
1963,suite,41647453
1964,sulky,41645267
1965,sully,41628442
1966,sumac,41614412
1967,sunny,41537048
1968,super,41474428
1969,surer,41372877
1970,surge,41359857
1971,surly,41333371
1972,sushi,41326573
1973,swami,41281263
1974,swamp,41177555
1975,swarm,41146831
1976,swash,41144763
1977,swath,41125351
1978,swear,41109010
1979,sweat,41089558
1980,sweep,41061449
1981,sweet,41043865
1982,swell,40976633
1983,swept,40839022
1984,swift,40838300
1985,swill,40833613
1986,swine,40819336
1987,swing,40781457
1988,swirl,40770979
1989,swish,40764005
1990,swoon,40730311
1991,swoop,40728131
1992,sword,40722940
1993,swore,40697933
1994,sworn,40671821
1995,swung,40666152
1996,synod,40656645
1997,syrup,40638766
1998,tabby,40615655
1999,table,40591806
2000,taboo,40572636
2001,tacit,40568409
2002,tacky,40502273
2003,taffy,40501964
2004,taint,40498015
2005,taken,40435813
2006,taker,40414263
2007,tally,40401241
2008,talon,40364941
2009,tamer,40361756
2010,tango,40345803
2011,tangy,40334099
2012,taper,40278251
2013,tapir,40259661
2014,tardy,40231948
2015,tarot,40200521
2016,taste,40185182
2017,tasty,40161558
2018,tatty,40136550
2019,taunt,40127603
2020,tawny,40095362
2021,teach,40085342
2022,teary,40033859
2023,tease,40032805
2024,teddy,40026119
2025,teeth,39999745
2026,tempo,39971542
2027,tenet,39937252
2028,tenor,39937049
2029,tense,39912229
2030,tenth,39910915
2031,tepee,39897915
2032,tepid,39891285
2033,terra,39845710
2034,terse,39832721
2035,testy,39830748
2036,thank,39794764
2037,theft,39757666
2038,their,39753116
2039,theme,39752354
2040,there,39733007
2041,these,39699360
2042,theta,39672754
2043,thick,39664896
2044,thief,39610476
2045,thigh,39603838
2046,thing,39591949
2047,think,39573067
2048,third,39512059
2049,thong,39483236
2050,thorn,39450440
2051,those,39440877
2052,three,39329759
2053,threw,39326417
2054,throb,39307643
2055,throw,39304731
2056,thrum,39297134
2057,thumb,39283012
2058,thump,39244593
2059,thyme,39238403
2060,tiara,39229938
2061,tibia,39186605
2062,tidal,39148291
2063,tiger,39130223
2064,tight,39129365
2065,tilde,39099536
2066,timer,39030637
2067,timid,39017017
2068,tipsy,39015275
2069,titan,39014041
2070,tithe,39001376
2071,title,38989028
2072,toast,38931224
2073,today,38929141
2074,toddy,38911531
2075,token,38909717
2076,tonal,38902162
2077,tonga,38886455
2078,tonic,38863806
2079,tooth,38854380
2080,topaz,38827156
2081,topic,38827057
2082,torch,38793313
2083,torso,38787600
2084,torus,38781893
2085,total,38778931
2086,totem,38778191
2087,touch,38777600
2088,tough,38771183
2089,towel,38740174
2090,tower,38729323
2091,toxic,38611137
2092,toxin,38605173
2093,trace,38592422
2094,track,38568257
2095,tract,38542153
2096,trade,38521552
2097,trail,38506956
2098,train,38496936
2099,trait,38458400
2100,tramp,38442247
2101,trash,38442243
2102,trawl,38437769
2103,tread,38369963
2104,treat,38341510
2105,trend,38339299
2106,triad,38316678
2107,trial,38308402
2108,tribe,38291353
2109,trice,38290292
2110,trick,38269468
2111,tried,38259201
2112,tripe,38254292
2113,trite,38243352
2114,troll,38241315
2115,troop,38237169
2116,trope,38223775
2117,trout,38222553
2118,trove,38207430
2119,truce,38185755
2120,truck,38166598
2121,truer,38162958
2122,truly,38159464
2123,trump,38133521
2124,trunk,38128226
2125,truss,38123233
2126,trust,38087999
2127,truth,38010732
2128,tryst,38002278
2129,tubal,37995481
2130,tuber,37987474
2131,tulip,37983649
2132,tulle,37957036
2133,tumor,37930473
2134,tunic,37896224
2135,turbo,37877419
2136,tutor,37866418
2137,twang,37857880
2138,tweak,37835381
2139,tweed,37822746
2140,tweet,37819618
2141,twice,37786251
2142,twine,37777117
2143,twirl,37732409
2144,twist,37668153
2145,twixt,37662109
2146,tying,37644829
2147,udder,37642746
2148,ulcer,37603892
2149,ultra,37600088
2150,umbra,37589833
2151,uncle,37573028
2152,uncut,37569902
2153,under,37544399
2154,undid,37537204
2155,undue,37493474
2156,unfed,37455957
2157,unfit,37433033
2158,unify,37426444
2159,union,37396357
2160,unite,37387206
2161,unity,37376019
2162,unlit,37332761
2163,unmet,37316112
2164,unset,37305612
2165,untie,37254344
2166,until,37247684
2167,unwed,37219937
2168,unzip,37200952
2169,upper,37166923
2170,upset,37150011
2171,urban,37143112
2172,urine,37133738
2173,usage,37115369
2174,usher,37106331
2175,using,37102510
2176,usual,37039579
2177,usurp,37025517
2178,utile,36985229
2179,utter,36981573
2180,vague,36971683
2181,valet,36946912
2182,valid,36942635
2183,valor,36925475
2184,value,36918321
2185,valve,36918315
2186,vapid,36864919
2187,vapor,36860865
2188,vault,36853656
2189,vaunt,36852843
2190,vegan,36831853
2191,venom,36831035
2192,venue,36830419
2193,verge,36798662
2194,verse,36769721
2195,verso,36766773
2196,verve,36743717
2197,vicar,36728229
2198,video,36726336
2199,vigil,36712083
2200,vigor,36710704
2201,villa,36697856
2202,vinyl,36686155
2203,viola,36685859
2204,viper,36676771
2205,viral,36648260
2206,virus,36636558
2207,visit,36617848
2208,visor,36576222
2209,vista,36558085
2210,vital,36548259
2211,vivid,36522534
2212,vixen,36521289
2213,vocal,36514211
2214,vodka,36508203
2215,vogue,36493381
2216,voice,36439435
2217,voila,36419737
2218,vomit,36408196
2219,voter,36381081
2220,vouch,36353838
2221,vowel,36306394
2222,vying,36286070
2223,wacky,36286003
2224,wafer,36269685
2225,wager,36253355
2226,wagon,36239839
2227,waist,36138447
2228,waive,36134893
2229,waltz,36129804
2230,warty,36108608
2231,waste,36089541
2232,watch,36087006
2233,water,36079737
2234,waver,36046200
2235,waxen,36041603
2236,weary,35991312
2237,weave,35989160
2238,wedge,35986621
2239,weedy,35937825
2240,weigh,35936559
2241,weird,35928367
2242,welch,35890230
2243,welsh,35854119
2244,wench,35847733
2245,whack,35813046
2246,whale,35803272
2247,wharf,35797333
2248,wheat,35724637
2249,wheel,35722454
2250,whelp,35722416
2251,where,35713495
2252,which,35697100
2253,whiff,35687918
2254,while,35683256
2255,whine,35674270
2256,whiny,35666896
2257,whirl,35660913
2258,whisk,35651592
2259,white,35643482
2260,whole,35629597
2261,whoop,35599513
2262,whose,35595812
2263,widen,35590976
2264,wider,35538225
2265,widow,35529909
2266,width,35525966
2267,wield,35516087
2268,wight,35473417
2269,willy,35441636
2270,wimpy,35426622
2271,wince,35421202
2272,winch,35383071
2273,windy,35358852
2274,wiser,35347899
2275,wispy,35345925
2276,witch,35345740
2277,witty,35343900
2278,woken,35327869
2279,woman,35326689
2280,women,35287380
2281,woody,35275336
2282,wooly,35233760
2283,woozy,35225937
2284,wordy,35219152
2285,world,35206660
2286,worry,35200065
2287,worse,35180146
2288,worst,35160636
2289,worth,35148024
2290,would,35123723
2291,wound,35105385
2292,woven,35080589
2293,wrack,35068361
2294,wrath,35050234
2295,wreak,35046541
2296,wreck,35033621
2297,wrest,35027490
2298,wring,34970056
2299,wrist,34965494
2300,write,34944653
2301,wrong,34929061
2302,wrote,34912487
2303,wrung,34881779
2304,wryly,34879794
2305,yacht,34865016
2306,yearn,34861007
2307,yeast,34832354
2308,yield,34807033
2309,young,34803404
2310,youth,34799901
2311,zebra,34764071
2312,zesty,34753530
2313,zonal,34742050
